CompanyCode__,DeliveryDate__,GoodsReceipt__,DeliveryNote__,OrderNumber__,ItemNumber__,Quantity__,Amount__,InvoicedQuantity__,InvoicedAmount__,DeliveryCompleted__
2,10/9/2019,21167,Tempt LLC,31716,1,352,714.56,19318,39215.54,0
2,1/24/2020,24269,Tempt LLC,31716,4,1,66.56,393,26158.08,0
2,2/12/2020,24687,Tempt LLC,31716,4,1,66.56,393,26158.08,0
2,10/9/2019,21167,Tempt LLC,31716,4,1,66.56,393,26158.08,0
2,10/9/2019,21167,Tempt LLC,31716,5,1,101.41,83,8417.03,0
2,10/9/2019,21167,Tempt LLC,31716,10,1,132.27,75,9920.25,0
2,1/24/2020,24269,Tempt LLC,31716,14,1,132.27,168,22221.36,0
2,2/12/2020,24687,Tempt LLC,31716,14,1,132.27,168,22221.36,0
2,10/9/2019,21167,Tempt LLC,31716,33,192,389.76,679,1378.37,0
2,10/9/2019,21167,Tempt LLC,31716,34,352,714.56,5370,10901.10,0
2,10/9/2019,21167,Tempt LLC,31716,41,1,186.92,20,3738.40,0
2,2/12/2020,24687,Tempt LLC,31716,41,1,186.92,20,3738.40,0
2,1/24/2020,24269,Tempt LLC,31716,41,1,186.92,20,3738.40,0
19,10/2/2019,20893,Texas : UL Houston - Distribution,48891,15,40,19080,120,57240.00,0
19,10/2/2019,20893,Texas : UL Houston - Distribution,48891,16,108,51516,120,57240.00,0
19,10/28/2019,21658,Texas : UL Houston - Distribution,48891,17,9,4293,120,57240.00,0
19,10/2/2019,20893,Texas : UL Houston - Distribution,48891,17,49,23373,120,57240.00,0
2,10/1/2019,20859,Alabama : Huntsville-Distribution,52191,1,490,616.42,39200,49313.60,0
2,10/1/2019,20860,Alabama : Huntsville-Distribution,52191,1,22540,28355.32,39200,49313.60,0
2,10/1/2019,20861,Alabama : Huntsville-Distribution,52191,1,15680,19725.44,39200,49313.60,0
2,10/1/2019,20862,Alabama : Huntsville-Distribution,52191,1,490,616.42,39200,49313.60,0
2,2/21/2020,24841,Alabama : Huntsville-Distribution,52517,1,9216,18708.48,18432,37416.96,0
2,10/25/2019,21641,Alabama : Huntsville-Distribution,52517,1,9216,18708.48,18432,37416.96,0
2,12/17/2019,23194,Alabama : Huntsville-Distribution,52517,1,9216,18708.48,18432,37416.96,0
2,10/25/2019,21640,Alabama : Huntsville-Distribution,52517,2,4608,7004.16,9216,14008.32,0
2,12/17/2019,23194,Alabama : Huntsville-Distribution,52517,2,4608,7004.16,9216,14008.32,0
2,2/21/2020,24841,Alabama : Huntsville-Distribution,52517,2,4608,7004.16,9216,14008.32,0
2,2/21/2020,24841,Alabama : Huntsville-Distribution,52517,3,6912,7050.24,13824,14100.48,0
2,10/31/2019,21820,Alabama : Huntsville-Distribution,52517,3,6912,7050.24,13824,14100.48,0
2,12/17/2019,23194,Alabama : Huntsville-Distribution,52517,3,6912,7050.24,13824,14100.48,0
2,10/28/2019,21654,Alabama : Off Site Inventory,52539,1,55,3300,0,.00,0
2,12/2/2019,23285,Alabama : Off Site Inventory,52539,2,55,3300,0,.00,0
19,10/1/2019,20881,Texas : UL Houston - Distribution,52713,3,5,2199,5,2199.00,0
19,10/4/2019,20996,Texas : UL Houston - Distribution,52713,7,2,1944,2,1944.00,0
19,10/3/2019,20971,Texas : UL Houston - Distribution,52713,25,2,215.4,32,3446.40,0
19,10/9/2019,21134,Texas : UL Houston - Distribution,52713,39,1,573.6,2,1147.20,0
19,10/1/2019,20880,Texas : UL Houston - Distribution,52713,39,1,573.6,2,1147.20,0
19,10/1/2019,20879,Texas : UL Houston - Distribution,52713,46,2,2010,2,2010.00,0
2,10/14/2019,IF121174,Alabama : Off Site Inventory,52824,1,19600,23108.4,19600,23108.40,0
2,10/14/2019,IF121174,Alabama : Off Site Inventory,52824,2,17400,23211.6,17400,23211.60,0
19,10/4/2019,IF120413,Texas : UL Bedford - Distribution,52935,1,5,0,0,.00,1
19,10/4/2019,IF120413,Texas : UL Bedford - Distribution,52935,2,5,0,0,.00,1
19,10/4/2019,IF120413,Texas : UL Bedford - Distribution,52935,3,10,0,0,.00,1
19,10/4/2019,IF120413,Texas : UL Bedford - Distribution,52935,4,10,0,0,.00,1
2,10/4/2019,21071,Alabama : Huntsville-Distribution,52940,2,20,808,20,808.00,0
2,10/28/2019,21657,Alabama : Huntsville-Distribution,52971,1,55,3300,0,.00,0
19,10/10/2019,21209,Texas : UL Houston - Distribution,53090,1,12,233.76,0,.00,0
2,10/28/2019,21655,Alabama : Huntsville-Distribution,53105,1,55,3300,0,.00,0
2,10/28/2019,21656,Alabama : Huntsville-Distribution,53105,2,55,3300,0,.00,0
2,11/4/2019,21908,Alabama : Huntsville-Distribution,53117,1,36000,3600,0,.00,0
19,10/22/2019,IF121528,Texas : UL Bedford - Distribution,53154,1,21735,39123,0,.00,0
19,10/22/2019,IF121528,Texas : UL Bedford - Distribution,53154,2,21735,39123,21735,39123.00,0
19,11/22/2019,22500,Texas : UL Bedford - Distribution,53154,3,19602,35283.6,19602,35283.60,0
2,10/22/2019,21539,Maine : Westbrook-Distribution,53248,1,180,392.25000000000006,0,.00,0
19,10/21/2019,21513,Alabama : UL Huntsville-Distribution,53257,1,1,0,0,.00,1
19,12/26/2019,23368,Texas : UL Houston - Distribution,53313,1,2,7,0,.00,0
19,12/26/2019,23369,Texas : UL Houston - Distribution,53313,2,3,16.77999,0,.00,0
19,12/26/2019,23370,Texas : UL Houston - Distribution,53313,3,2,7,0,.00,0
19,12/26/2019,23371,Texas : UL Houston - Distribution,53313,4,2.5,16.96,0,.00,0
19,12/26/2019,23372,Texas : UL Houston - Distribution,53313,5,1,0,0,.00,1
2,10/24/2019,IF122079,Alabama : Off Site Inventory,53340,1,1,715,1,715.00,0
19,10/24/2019,IF122242,Texas : UL Bedford - Distribution,53396,1,15,515.76,15,515.76,0
19,10/24/2019,IF122242,Texas : UL Bedford - Distribution,53396,2,3,133.2,0,.00,0
2,11/1/2019,21856,Alabama : Huntsville-Distribution,53471,1,45000,21654,45000,21654.00,0
2,11/1/2019,21953,Alabama : Huntsville-Distribution,53471,2,1,0,0,.00,1
19,12/9/2019,22863,Texas : UL Houston - Distribution,53476,1,23625,4324.49955,0,.00,0
19,11/1/2019,21875,Texas : UL Houston - Distribution,53574,1,600,150,0,.00,0
19,11/4/2019,21936,Texas : UL Houston - Distribution,53574,1,600,150,0,.00,0
19,11/8/2019,22082,Texas : UL Houston - Distribution,53620,1,864,501.12,0,.00,0
19,12/3/2019,22682,Texas : UL Houston - Distribution,53620,2,900,117,900,117.00,0
2,1/13/2020,23793,Alabama : Huntsville-Distribution,53690,1,12,24.852,0,.00,0
2,1/13/2020,23794,Alabama : Huntsville-Distribution,53690,2,12,42.084,0,.00,0
2,1/13/2020,23796,Alabama : Huntsville-Distribution,53690,3,12,70.656,0,.00,0
2,1/13/2020,23795,Alabama : Huntsville-Distribution,53690,4,12,210.024,0,.00,0
19,11/8/2019,22081,Texas : UL Houston - Distribution,53712,1,300,75,0,.00,0
19,11/12/2019,22112,Texas : UL Houston - Distribution,53712,1,1200,300,0,.00,0
19,11/12/2019,22110,Texas : UL Houston - Distribution,53712,1,300,75,0,.00,0
2,11/15/2019,22304,Alabama : Huntsville-Distribution,53745,1,8818,31215.72,8818,31215.72,0
2,11/15/2019,22305,Alabama : Huntsville-Distribution,53745,2,1764,7126.56,8819,35628.76,0
2,11/20/2019,22433,Alabama : Huntsville-Distribution,53745,2,7055,28502.2,8819,35628.76,0
2,11/15/2019,22306,Alabama : Huntsville-Distribution,53745,3,2646,15293.88,2646,15293.88,0
2,12/2/2019,23150,Alabama : Huntsville-Distribution,53745,4,1,0,0,.00,1
2,12/26/2019,23361,Alabama : Huntsville-Distribution,53747,1,1350,5400,1350,5400.00,0
2,12/26/2019,23491,Alabama : Huntsville-Distribution,53747,2,1,0,0,.00,1
19,11/18/2019,22450,Texas : UL Bedford - Distribution,53795,1,1,0,0,.00,1
2,11/27/2019,22613,Alabama : Huntsville-Distribution,54048,1,512,5419.52,0,.00,0
2,11/27/2019,22612,Alabama : Huntsville-Distribution,54048,2,210,1481.90000000000007,0,.00,0
18,12/23/2019,23354,Netherlands : Almer - Distribution,54068,1,9920.79,20613.92760000000271878072732,0,.00,0
18,12/23/2019,23354,Netherlands : Almer - Distribution,54068,2,8818.48,18323.49120000000241669397984,0,.00,0
18,12/23/2019,23354,Netherlands : Almer - Distribution,54068,3,9920.79,17178.27300000000046224278604,0,.00,0
18,12/23/2019,23354,Netherlands : Almer - Distribution,54068,4,8818.48,15269.57600000000041088247648,0,.00,0
19,12/3/2019,22680,Texas : UL Houston - Distribution,54084,1,36000,1980,0,.00,0
19,12/3/2019,22681,Texas : UL Houston - Distribution,54084,2,14000,769.30518,0,.00,0
19,11/26/2019,22562,Texas : UL Houston - Distribution,54155,1,1,1890,0,.00,0
19,12/27/2019,23407,Texas : UL Houston - Distribution,54189,2,30000,2512.2,0,.00,0
19,12/27/2019,23408,Texas : UL Houston - Distribution,54189,3,30000,2512.2,0,.00,0
19,12/27/2019,23409,Texas : UL Houston - Distribution,54189,4,30000,2512.2,0,.00,0
2,2/11/2020,24607,Alabama : Huntsville-Distribution,54337,1,30000,2400,0,.00,0
19,12/27/2019,23410,Texas : UL Houston - Distribution,54406,1,6000,638.76,0,.00,0
19,12/27/2019,23411,Texas : UL Houston - Distribution,54406,2,6000,638.76,0,.00,0
2,12/12/2019,IF125610,Alabama : Off Site Inventory,54428,1,100,165,100,165.00,0
2,12/16/2019,IF125675,Alabama : Off Site Inventory,54479,2,1,124.73,1,124.73,0
2,12/16/2019,IF125675,Alabama : Off Site Inventory,54479,3,1,124.73,1,124.73,0
2,12/16/2019,IF125675,Alabama : Off Site Inventory,54479,4,1,124.73,1,124.73,0
2,12/16/2019,IF125675,Alabama : Off Site Inventory,54479,5,1,124.73,1,124.73,0
2,12/16/2019,IF125675,Alabama : Off Site Inventory,54479,6,1,276.67,1,276.67,0
2,12/16/2019,IF125675,Alabama : Off Site Inventory,54479,7,1,276.67,1,276.67,0
2,12/16/2019,IF125675,Alabama : Off Site Inventory,54479,8,1,276.67,1,276.67,0
2,12/16/2019,IF125675,Alabama : Off Site Inventory,54479,9,1,276.67,1,276.67,0
2,12/30/2019,23412,Alabama : Huntsville-Distribution,54506,1,4400,4532,4400,4532.00,0
2,12/30/2019,23490,Alabama : Huntsville-Distribution,54506,2,1,0,0,.00,1
2,2/14/2020,24700,Alabama : Huntsville-Distribution,54571,1,400,0,0,.00,1
19,1/3/2020,23529,Texas : UL Houston - Distribution,54734,1,1,86.7,1,86.70,0
19,1/3/2020,23530,Texas : UL Houston - Distribution,54734,2,1,79.8,1,79.80,0
19,1/3/2020,23531,Texas : UL Houston - Distribution,54734,3,20,44.8,20,44.80,0
19,1/7/2020,23605,Texas : UL Houston - Distribution,54734,4,20,249.6,20,249.60,0
19,1/3/2020,23532,Texas : UL Houston - Distribution,54734,5,20,56,20,56.00,0
19,1/3/2020,23533,Texas : UL Houston - Distribution,54734,6,1,0,1,.00,1
19,1/3/2020,23534,Texas : UL Houston - Distribution,54734,7,1,3.42,1,3.42,0
19,1/3/2020,23535,Texas : UL Houston - Distribution,54734,8,1,3.42,1,3.42,0
19,1/3/2020,23536,Texas : UL Houston - Distribution,54734,9,2,262.8,2,262.80,0
19,1/3/2020,23537,Texas : UL Houston - Distribution,54734,10,20,25.2,20,25.20,0
19,1/3/2020,23538,Texas : UL Houston - Distribution,54734,11,16,1723.2,16,1723.20,0
19,1/7/2020,23604,Texas : UL Houston - Distribution,54734,12,20,699,20,699.00,0
19,1/3/2020,23539,Texas : UL Houston - Distribution,54734,13,20,440.4,20,440.40,0
19,1/3/2020,23540,Texas : UL Houston - Distribution,54734,14,50,277.5,50,277.50,0
19,1/3/2020,23541,Texas : UL Houston - Distribution,54734,15,5,236.25,5,236.25,0
19,1/3/2020,23542,Texas : UL Houston - Distribution,54734,16,30,216.9,30,216.90,0
19,1/3/2020,23543,Texas : UL Houston - Distribution,54734,17,4,1039.2,4,1039.20,0
19,1/3/2020,23544,Texas : UL Houston - Distribution,54734,18,200,504,200,504.00,0
19,1/3/2020,23545,Texas : UL Houston - Distribution,54734,19,6,583.2,6,583.20,0
19,1/3/2020,23546,Texas : UL Houston - Distribution,54734,20,2,192,2,192.00,0
19,1/3/2020,23547,Texas : UL Houston - Distribution,54734,21,51,251.94,50,247.00,0
19,1/3/2020,23548,Texas : UL Houston - Distribution,54734,22,3,15171,3,15171.00,0
19,1/3/2020,23549,Texas : UL Houston - Distribution,54734,23,10,5472,10,5472.00,0
19,1/3/2020,23550,Texas : UL Houston - Distribution,54734,24,7,10962,7,10962.00,0
19,1/6/2020,23603,Texas : UL Houston - Distribution,54734,25,1,1566,10,15660.00,0
19,1/3/2020,23551,Texas : UL Houston - Distribution,54734,25,9,14094,10,15660.00,0
19,1/3/2020,23552,Texas : UL Houston - Distribution,54734,26,400,1698,400,1698.00,0
19,1/3/2020,23553,Texas : UL Houston - Distribution,54734,27,33,3247.2,33,3247.20,0
19,1/3/2020,23554,Texas : UL Houston - Distribution,54734,28,16,1723.2,16,1723.20,0
19,1/6/2020,23585,Texas : UL Houston - Distribution,54778,1,20,513.8,20,513.80,0
19,1/6/2020,23586,Texas : UL Houston - Distribution,54778,2,40,360,40,360.00,0
19,1/6/2020,23587,Texas : UL Houston - Distribution,54778,3,62,2083.2,60,2016.00,0
19,1/6/2020,23588,Texas : UL Houston - Distribution,54778,4,5,6247.5,5,6247.50,0
19,1/6/2020,23589,Texas : UL Houston - Distribution,54778,5,10,2439.5,10,2439.50,0
19,1/6/2020,23591,Texas : UL Houston - Distribution,54778,6,10,522,10,522.00,0
19,1/9/2020,23674,Texas : UL Houston - Distribution,54778,7,2,111.3,10,556.50,0
19,1/6/2020,23590,Texas : UL Houston - Distribution,54778,7,8,445.2,10,556.50,0
19,1/6/2020,23594,Texas : UL Houston - Distribution,54778,8,12,266.4,12,266.40,0
19,1/6/2020,23593,Texas : UL Houston - Distribution,54778,9,8,916.8,8,916.80,0
19,1/6/2020,23592,Texas : UL Houston - Distribution,54778,10,4,276,4,276.00,0
2,1/8/2020,23632,Alabama : Huntsville-Distribution,54797,1,3360,1740.37416,3360,1740.374,0
2,1/23/2020,24088,Alabama : Huntsville-Distribution,54818,1,33320,37784.88,0,.00,0
2,1/23/2020,24089,Alabama : Huntsville-Distribution,54818,1,5880,6667.92,0,.00,0
2,1/17/2020,23926,Alabama : Huntsville-Distribution,54820,1,39200,45511.2,0,.00,0
2,1/23/2020,24091,Alabama : Huntsville-Distribution,54828,1,6960,9235.92,0,.00,0
2,1/23/2020,24090,Alabama : Huntsville-Distribution,54828,1,27840,36943.68,0,.00,0
19,1/3/2020,23569,Texas : UL Houston - Distribution,54853,1,1,43.44,0,.00,0
19,1/16/2020,IF127722,Texas : UL Bedford - Distribution,54980,1,19320,34776,0,.00,0
19,1/16/2020,IF127722,Texas : UL Bedford - Distribution,54980,2,17424,31363.2,0,.00,0
2,1/10/2020,23719,Alabama : Off Site Inventory,54982,1,1,1145.39,0,.00,0
2,1/14/2020,IF127598,Alabama : Off Site Inventory,55040,1,1,0,0,.00,1
19,1/23/2020,IF128353,Texas : UL Bedford - Distribution,55045,1,21735,39123,0,.00,0
19,1/23/2020,IF128353,Texas : UL Bedford - Distribution,55045,2,19602,35283.6,0,.00,0
19,2/14/2020,IF130000,Texas : UL Bedford - Distribution,55101,1,21735,39123,0,.00,0
19,2/14/2020,IF130000,Texas : UL Bedford - Distribution,55101,2,19602,35283.6,0,.00,0
19,2/17/2020,IF130026,Texas : UL Bedford - Distribution,55102,1,21735,39123,0,.00,0
19,2/17/2020,IF130026,Texas : UL Bedford - Distribution,55102,2,19602,35283.6,0,.00,0
19,2/19/2020,IF130213,Texas : UL Bedford - Distribution,55103,1,21735,39123,0,.00,0
19,2/19/2020,IF130213,Texas : UL Bedford - Distribution,55103,2,19602,35283.6,0,.00,0
19,1/22/2020,IF128229,Texas : UL OffSite Inventory,55194,1,2,228.5,0,.00,0
19,1/23/2020,IF128350,California : UL Santa Fe Springs-Distributio,55222,1,946,1172.094,0,.00,0
19,1/23/2020,IF128350,California : UL Santa Fe Springs-Distributio,55222,2,860,1174.76,0,.00,0
19,2/18/2020,IF130101,Texas : UL Bedford - Distribution,55228,1,21735,39123,0,.00,0
19,2/18/2020,IF130101,Texas : UL Bedford - Distribution,55228,2,19602,35283.6,0,.00,0
2,1/30/2020,24313,Alabama : Huntsville-Distribution,55241,1,12,35.28,0,.00,0
2,1/30/2020,24311,Alabama : Huntsville-Distribution,55241,2,10,88.8,0,.00,0
2,1/30/2020,24304,Alabama : Huntsville-Distribution,55241,3,4,470.4,0,.00,0
2,1/29/2020,24242,Alabama : Huntsville-Distribution,55241,4,2,607.2,0,.00,0
2,1/30/2020,24312,Alabama : Huntsville-Distribution,55241,5,15,401.1,0,.00,0
2,1/29/2020,24254,Alabama : Huntsville-Distribution,55241,6,8,573.6,0,.00,0
2,1/29/2020,24300,Alabama : Huntsville-Distribution,55241,7,6,424.8,0,.00,0
2,1/30/2020,24310,Alabama : Huntsville-Distribution,55241,8,22,1425.6,0,.00,0
2,1/30/2020,24309,Alabama : Huntsville-Distribution,55241,9,12,642.6,0,.00,0
2,1/29/2020,24246,Alabama : Huntsville-Distribution,55241,10,10,405,0,.00,0
2,1/29/2020,24299,Alabama : Huntsville-Distribution,55241,11,18,1566,0,.00,0
2,1/29/2020,24301,Alabama : Huntsville-Distribution,55241,12,120,295.2,0,.00,0
2,1/29/2020,24256,Alabama : Huntsville-Distribution,55241,13,4,3336,0,.00,0
2,1/30/2020,24305,Alabama : Huntsville-Distribution,55241,14,4,90.24,0,.00,0
2,1/29/2020,24239,Alabama : Huntsville-Distribution,55241,15,1,2658,0,.00,0
2,1/29/2020,24290,Alabama : Huntsville-Distribution,55241,16,6,164.52,0,.00,0
2,1/29/2020,24293,Alabama : Huntsville-Distribution,55241,16,54,1480.68,0,.00,0
2,1/29/2020,24245,Alabama : Huntsville-Distribution,55241,17,60,1371.6,0,.00,0
2,1/29/2020,24243,Alabama : Huntsville-Distribution,55241,18,50,1762.5,0,.00,0
2,1/29/2020,24289,Alabama : Huntsville-Distribution,55241,19,30,1147.5,0,.00,0
2,1/29/2020,24288,Alabama : Huntsville-Distribution,55241,20,10,223.2,0,.00,0
2,1/29/2020,24244,Alabama : Huntsville-Distribution,55241,21,120,889.2,0,.00,0
2,1/29/2020,24260,Alabama : Huntsville-Distribution,55241,22,120,522,0,.00,0
2,1/30/2020,24324,Alabama : Huntsville-Distribution,55241,23,2,213.6,0,.00,0
2,1/29/2020,24294,Alabama : Huntsville-Distribution,55241,23,10,1068,0,.00,0
2,1/29/2020,24295,Alabama : Huntsville-Distribution,55241,24,14,277.2,0,.00,0
2,1/29/2020,24240,Alabama : Huntsville-Distribution,55241,25,2,3216,0,.00,0
2,2/13/2020,24683,Alabama : Huntsville-Distribution,55241,26,2,439.2,0,.00,0
2,2/6/2020,24477,Alabama : Huntsville-Distribution,55241,26,6,1317.6,0,.00,0
2,1/29/2020,24255,Alabama : Huntsville-Distribution,55241,27,4,1821.6,0,.00,0
2,1/29/2020,24241,Alabama : Huntsville-Distribution,55241,28,1,1131,0,.00,0
2,1/29/2020,24292,Alabama : Huntsville-Distribution,55241,29,10,1284,0,.00,0
2,1/29/2020,24287,Alabama : Huntsville-Distribution,55241,30,6,729,0,.00,0
2,1/29/2020,24291,Alabama : Huntsville-Distribution,55241,31,14,1659,0,.00,0
2,1/29/2020,24298,Alabama : Huntsville-Distribution,55241,32,24,31.68,0,.00,0
2,1/29/2020,24297,Alabama : Huntsville-Distribution,55241,33,12,95.04,0,.00,0
2,1/29/2020,24296,Alabama : Huntsville-Distribution,55241,34,20,3240,0,.00,0
19,2/17/2020,IF130025,Texas : UL Bedford - Distribution,55276,1,21735,39123,0,.00,0
19,2/17/2020,IF130025,Texas : UL Bedford - Distribution,55276,2,19602,35283.6,0,.00,0
2,2/25/2020,24844,California : CLOVIS - Distribution,55285,1,19600,22559.6,0,.00,0
2,2/25/2020,24844,California : CLOVIS - Distribution,55285,2,17400,22950.6,0,.00,0
2,2/5/2020,24450,Alabama : Huntsville-Distribution,55305,1,34800,45901.2,0,.00,0
2,2/7/2020,24511,Alabama : Huntsville-Distribution,55307,1,26100,34425.9,0,.00,0
2,2/7/2020,24512,Alabama : Huntsville-Distribution,55307,1,8700,11475.3,0,.00,0
19,2/12/2020,24656,Texas : UL Houston - Distribution,55316,1,49500,8363.52,49500,8363.52,0
19,2/12/2020,24656,Texas : UL Houston - Distribution,55316,2,72000,10823.68008,72000,10823.68,0
19,2/12/2020,24656,Texas : UL Houston - Distribution,55316,3,28350,5189.39946,28350,5189.399,0
19,2/19/2020,IF128925,Texas : UL Bedford - Distribution,55323,1,18920,21928.28,0,.00,0
19,2/19/2020,IF128925,Texas : UL Bedford - Distribution,55323,2,17200,22119.2,0,.00,0
19,2/18/2020,IF130102,Texas : UL Houston - Distribution,55329,1,21735,39123,0,.00,0
19,2/18/2020,IF130102,Texas : UL Houston - Distribution,55329,2,19602,35283.6,0,.00,0
19,1/31/2020,24373,Texas : UL Houston - Distribution,55347,1,576,379.8,0,.00,0
2,1/29/2020,IF128739,Alabama : Off Site Inventory,55392,1,2,11.04,0,.00,0
19,2/12/2020,24652,Texas : UL Houston - Distribution,55394,1,15136,17542.624,0,.00,0
19,2/12/2020,24653,Texas : UL Houston - Distribution,55394,1,5676,6578.484,0,.00,0
19,2/12/2020,24654,Texas : UL Houston - Distribution,55394,2,17200,22119.2,0,.00,0
19,2/12/2020,24651,Texas : UL Houston - Distribution,55394,6,100,1754.62,0,.00,0
19,2/19/2020,24793,Texas : UL Houston - Distribution,55395,1,5676,6578.484,0,.00,0
19,2/19/2020,24794,Texas : UL Houston - Distribution,55395,1,15136,17542.624,0,.00,0
19,2/19/2020,24795,Texas : UL Houston - Distribution,55395,2,6880,8847.68,0,.00,0
19,2/19/2020,24796,Texas : UL Houston - Distribution,55395,2,12040,15483.44,0,.00,0
19,2/19/2020,24797,Texas : UL Houston - Distribution,55395,3,1,0,0,.00,1
19,2/19/2020,24817,Texas : UL Houston - Distribution,55396,1,20812,24121.108,0,.00,0
19,2/19/2020,24818,Texas : UL Houston - Distribution,55396,2,18920,24331.12,0,.00,0
19,2/19/2020,24819,Texas : UL Houston - Distribution,55396,3,1,0,0,.00,1
19,2/14/2020,IF129997,Texas : UL Bedford - Distribution,55406,1,21735,39123,0,.00,0
19,2/14/2020,IF129997,Texas : UL Bedford - Distribution,55406,2,19602,35283.6,0,.00,0
19,2/14/2020,IF130003,Texas : UL Bedford - Distribution,55407,1,21735,39123,0,.00,0
19,2/14/2020,IF130003,Texas : UL Bedford - Distribution,55407,2,19602,35283.6,0,.00,0
19,2/17/2020,IF130015,Texas : UL Bedford - Distribution,55408,1,21735,39123,0,.00,0
19,2/17/2020,IF130015,Texas : UL Bedford - Distribution,55408,2,19602,35283.6,0,.00,0
19,2/18/2020,IF130106,Texas : UL Bedford - Distribution,55409,1,21735,39123,0,.00,0
19,2/18/2020,IF130106,Texas : UL Bedford - Distribution,55409,2,19602,35283.6,0,.00,0
2,2/11/2020,24584,Alabama : Huntsville-Distribution,55416,1,2000,2580,0,.00,0
2,2/11/2020,24585,Alabama : Huntsville-Distribution,55416,3,1,0,0,.00,1
2,2/7/2020,24568,Alabama : Huntsville-Distribution,55427,1,100,575,0,.00,0
2,2/20/2020,24839,Alabama : Huntsville-Distribution,55448,1,10,29.4,10,29.40,0
2,2/20/2020,24838,Alabama : Huntsville-Distribution,55448,2,8,85.44,8,85.44,0
2,2/20/2020,24829,Alabama : Huntsville-Distribution,55448,3,12,550.8,12,550.80,0
2,2/20/2020,24835,Alabama : Huntsville-Distribution,55448,4,4,54.48,4,54.48,0
2,2/10/2020,24552,Alabama : Huntsville-Distribution,55448,5,6,430.2,6,430.20,0
2,2/10/2020,24553,Alabama : Huntsville-Distribution,55448,6,12,340.56,12,340.56,0
2,2/20/2020,24826,Alabama : Huntsville-Distribution,55448,7,40,529.2,40,529.20,0
2,2/20/2020,24822,Alabama : Huntsville-Distribution,55448,8,22,1425.6,22,1425.60,0
2,2/20/2020,24825,Alabama : Huntsville-Distribution,55448,9,10,405,10,405.00,0
2,2/10/2020,24557,Alabama : Huntsville-Distribution,55448,10,2,1668,2,1668.00,0
2,2/10/2020,24550,Alabama : Huntsville-Distribution,55448,11,13,696.15,15,803.25,0
2,2/10/2020,24549,Alabama : Huntsville-Distribution,55448,11,2,107.1,15,803.25,0
2,2/10/2020,24558,Alabama : Huntsville-Distribution,55448,12,4,4056,4,4056.00,0
2,2/10/2020,24554,Alabama : Huntsville-Distribution,55448,13,50,1762.5,50,1762.50,0
2,2/10/2020,24555,Alabama : Huntsville-Distribution,55448,14,50,1323,50,1323.00,0
2,2/20/2020,24823,Alabama : Huntsville-Distribution,55448,15,10,223.2,10,223.20,0
2,2/20/2020,24824,Alabama : Huntsville-Distribution,55448,16,12,655.2,12,655.20,0
2,2/20/2020,24836,Alabama : Huntsville-Distribution,55448,17,4,51.12,4,51.12,0
2,2/10/2020,24556,Alabama : Huntsville-Distribution,55448,18,2,555.6,2,555.60,0
2,2/10/2020,24551,Alabama : Huntsville-Distribution,55448,19,6,1605.6,6,1605.60,0
2,2/20/2020,24828,Alabama : Huntsville-Distribution,55448,20,12,581.4,12,581.40,0
2,2/20/2020,24837,Alabama : Huntsville-Distribution,55448,21,2,45.24,2,45.24,0
2,2/12/2020,24611,Alabama : Huntsville-Distribution,55448,22,1,70.8,1,70.80,0
2,2/20/2020,24832,Alabama : Huntsville-Distribution,55448,22,1,70.8,1,70.80,0
2,2/20/2020,24831,Alabama : Huntsville-Distribution,55448,23,4,126.56,4,126.56,0
2,2/20/2020,24830,Alabama : Huntsville-Distribution,55448,24,4,126.56,4,126.56,0
2,2/20/2020,24827,Alabama : Huntsville-Distribution,55448,25,10,1185,10,1185.00,0
2,2/20/2020,24833,Alabama : Huntsville-Distribution,55448,26,30,66.3,30,66.30,0
2,2/20/2020,24834,Alabama : Huntsville-Distribution,55448,27,24,73.44,24,73.44,0
2,2/12/2020,24650,Alabama : Huntsville-Distribution,55448,28,20,198,20,198.00,0
2,2/20/2020,24821,Alabama : Huntsville-Distribution,55448,29,24,306.72,24,306.72,0
19,2/19/2020,IF130214,Texas : UL Bedford - Distribution,55479,1,21735,39123,0,.00,0
19,2/19/2020,IF130214,Texas : UL Bedford - Distribution,55479,2,19602,35283.6,0,.00,0
19,2/19/2020,IF130212,Texas : UL Bedford - Distribution,55483,1,19320,34776,0,.00,0
19,2/19/2020,IF130212,Texas : UL Bedford - Distribution,55483,2,17424,31363.2,0,.00,0
19,2/19/2020,IF130211,Texas : UL Bedford - Distribution,55484,1,19320,34776,0,.00,0
19,2/19/2020,IF130211,Texas : UL Bedford - Distribution,55484,2,17424,31363.2,0,.00,0
19,2/19/2020,IF130223,Texas : UL Bedford - Distribution,55485,1,19320,34776,0,.00,0
19,2/19/2020,IF130223,Texas : UL Bedford - Distribution,55485,2,17424,31363.2,0,.00,0
19,2/12/2020,24614,Texas : UL Houston - Distribution,55486,1,1732,2266.880000000000276,0,.00,0
19,2/12/2020,24615,Texas : UL Houston - Distribution,55486,1,2598,3400.320000000000414,0,.00,0
19,2/12/2020,24616,Texas : UL Houston - Distribution,55486,2,866,1138.59199999999993,0,.00,0
19,2/12/2020,24617,Texas : UL Houston - Distribution,55486,3,2100,2427.6,0,.00,0
19,2/12/2020,24618,Texas : UL Houston - Distribution,55486,3,1050,1213.8,0,.00,0
19,2/12/2020,24619,Texas : UL Houston - Distribution,55486,4,2325,3515.4,0,.00,0
19,2/12/2020,24620,Texas : UL Houston - Distribution,55486,4,465,703.08,0,.00,0
19,2/12/2020,24621,Texas : UL Houston - Distribution,55486,5,3784,4385.656,0,.00,0
19,2/12/2020,24622,Texas : UL Houston - Distribution,55486,6,3784,4385.656,0,.00,0
19,2/12/2020,24624,Texas : UL Houston - Distribution,55486,6,946,1096.414,0,.00,0
19,2/12/2020,24625,Texas : UL Houston - Distribution,55486,7,2580,3297.24,0,.00,0
19,2/12/2020,24626,Texas : UL Houston - Distribution,55486,8,1000,14284.998,0,.00,0
19,2/12/2020,24628,Texas : UL Houston - Distribution,55486,9,1000,14229.124,0,.00,0
19,2/26/2020,IF130181,Texas : UL Bedford - Distribution,55487,1,19320,34776,0,.00,0
19,2/26/2020,IF130181,Texas : UL Bedford - Distribution,55487,2,17424,31363.2,0,.00,0
19,2/26/2020,IF130182,Texas : UL Bedford - Distribution,55488,1,19320,34776,0,.00,0
19,2/26/2020,IF130182,Texas : UL Bedford - Distribution,55488,2,17424,31363.2,0,.00,0
19,2/26/2020,IF130185,Texas : UL Bedford - Distribution,55490,1,19320,34776,0,.00,0
19,2/26/2020,IF130185,Texas : UL Bedford - Distribution,55490,2,17424,31363.2,0,.00,0
19,2/6/2020,24840,Texas : UL Houston - Distribution,55491,1,1,464.6554335,0,.00,0
19,2/6/2020,24840,Texas : UL Houston - Distribution,55491,2,1,51.7037514,0,.00,0
19,2/19/2020,24798,Texas : UL Houston - Distribution,55514,1,8600,14258.7911111199972,0,.00,0
19,2/19/2020,24799,Texas : UL Houston - Distribution,55514,1,10750,17823.4888888999965,0,.00,0
19,2/19/2020,24802,Texas : UL Houston - Distribution,55514,2,400,6306.88,0,.00,0
19,2/19/2020,24800,Texas : UL Houston - Distribution,55514,2,250,3941.8,0,.00,0
19,2/19/2020,24801,Texas : UL Houston - Distribution,55514,2,950,14978.84,0,.00,0
19,2/19/2020,24803,Texas : UL Houston - Distribution,55514,3,3440,5964.88000000000168,0,.00,0
19,2/14/2020,24691,Texas : UL Houston - Distribution,55515,1,2415,2719.29,0,.00,0
19,2/14/2020,24694,Texas : UL Houston - Distribution,55515,1,9660,10877.16,0,.00,0
19,2/14/2020,24693,Texas : UL Houston - Distribution,55515,1,12075,13596.45,0,.00,0
19,2/14/2020,24690,Texas : UL Houston - Distribution,55515,2,3600,3470.4,0,.00,0
19,2/14/2020,24688,Texas : UL Houston - Distribution,55515,3,400,12287.26,0,.00,0
19,2/14/2020,24689,Texas : UL Houston - Distribution,55515,4,400,13161.7248,0,.00,0
19,2/14/2020,24692,Texas : UL Houston - Distribution,55515,5,3784,4385.656,0,.00,0
19,2/13/2020,24685,Texas : UL Houston - Distribution,55518,1,11,10584.97,0,.00,0
2,2/10/2020,24792,Alabama : Off Site Inventory,55519,1,1,451.76,0,.00,0
2,2/7/2020,IF129490,Alabama : Off Site Inventory,55559,1,1,166.67,0,.00,0
2,2/7/2020,IF129490,Alabama : Off Site Inventory,55559,2,1,166.67,0,.00,0
2,2/13/2020,24684,Alabama : Huntsville-Distribution,55569,3,30,468,0,.00,0
2,2/18/2020,24731,Alabama : Huntsville-Distribution,55569,4,2400,14712,2400,14712.00,0
19,2/14/2020,IF129985,Texas : UL Houston - Distribution,55578,1,50,504,0,.00,0
19,2/14/2020,IF129985,Texas : UL Houston - Distribution,55578,2,50,793.79,0,.00,0
19,2/14/2020,IF129985,Texas : UL Houston - Distribution,55578,3,2,48.91,0,.00,0
19,2/14/2020,IF129985,Texas : UL Houston - Distribution,55578,4,4,97.08,0,.00,0
19,2/14/2020,IF129985,Texas : UL Houston - Distribution,55578,5,4,97.08,0,.00,0
19,2/14/2020,IF129965,Texas : UL Houston - Distribution,55580,1,400,5876.5176,0,.00,0
19,2/14/2020,IF129965,Texas : UL Houston - Distribution,55580,2,400,6046.3392,0,.00,0
19,2/13/2020,IF129868,Texas : UL Bedford - Distribution,55581,1,2250,24544.296,0,.00,0
19,2/13/2020,IF129868,Texas : UL Bedford - Distribution,55581,2,750,12899.625,0,.00,0
19,2/13/2020,IF129868,Texas : UL Bedford - Distribution,55581,3,1500,25739.22,0,.00,0
19,2/18/2020,24787,Texas : UL Houston - Distribution,55584,1,10,147.78,0,.00,0
19,2/18/2020,24787,Texas : UL Houston - Distribution,55584,2,10,135.02,0,.00,0
19,2/19/2020,IF130208,Texas : UL Bedford - Distribution,55593,1,21735,39123,0,.00,0
19,2/19/2020,IF130208,Texas : UL Bedford - Distribution,55593,2,19602,35283.6,0,.00,0
2,2/14/2020,24715,Alabama : Huntsville-Distribution,55599,1,384,4064.64,0,.00,0
19,2/12/2020,24649,Texas : UL Houston - Distribution,55614,1,5,24,0,.00,0
19,2/12/2020,24648,Texas : UL Houston - Distribution,55614,2,1,600,0,.00,0
19,2/12/2020,24647,Texas : UL Houston - Distribution,55614,3,3,96,0,.00,0
19,2/12/2020,24645,Texas : UL Houston - Distribution,55614,4,7,924,0,.00,0
19,2/12/2020,24646,Texas : UL Houston - Distribution,55614,5,3,444,0,.00,0
19,2/14/2020,IF129987,Texas : UL Bedford - Distribution,55618,1,100,131.4,0,.00,0
19,2/14/2020,IF129987,Texas : UL Bedford - Distribution,55618,2,172,169.312000000000032,0,.00,0
19,2/18/2020,IF130103,Texas : UL Bedford - Distribution,55620,1,21735,35667.135,0,.00,0
19,2/18/2020,IF130103,Texas : UL Bedford - Distribution,55620,2,19620,26624.34,0,.00,0
2,2/25/2020,24842,Alabama : Huntsville-Distribution,55627,1,6,133.92,0,.00,0
2,2/25/2020,24842,Alabama : Huntsville-Distribution,55627,2,2,823.2,0,.00,0
2,2/25/2020,24842,Alabama : Huntsville-Distribution,55627,3,2,150.4,0,.00,0
2,2/25/2020,24842,Alabama : Huntsville-Distribution,55627,4,4,132,0,.00,0
2,2/25/2020,24842,Alabama : Huntsville-Distribution,55627,5,8,573.6,0,.00,0
2,2/25/2020,24842,Alabama : Huntsville-Distribution,55627,6,1,975,0,.00,0
2,2/25/2020,24842,Alabama : Huntsville-Distribution,55627,7,4,6264,0,.00,0
2,2/25/2020,24842,Alabama : Huntsville-Distribution,55627,8,12,270.72,0,.00,0
2,2/25/2020,24842,Alabama : Huntsville-Distribution,55627,9,60,1645.2,0,.00,0
2,2/25/2020,24842,Alabama : Huntsville-Distribution,55627,10,30,1147.5,0,.00,0
2,2/25/2020,24842,Alabama : Huntsville-Distribution,55627,11,12,254.88,0,.00,0
2,2/25/2020,24842,Alabama : Huntsville-Distribution,55627,12,4,178.2,0,.00,0
2,2/25/2020,24842,Alabama : Huntsville-Distribution,55627,13,1,576,0,.00,0
2,2/25/2020,24842,Alabama : Huntsville-Distribution,55627,14,2,203.4,0,.00,0
2,2/25/2020,24842,Alabama : Huntsville-Distribution,55627,15,1,13.2,0,.00,0
2,2/25/2020,24842,Alabama : Huntsville-Distribution,55627,16,1,18.96,0,.00,0
2,2/25/2020,24842,Alabama : Huntsville-Distribution,55627,17,24,25.92,0,.00,0
2,2/25/2020,24842,Alabama : Huntsville-Distribution,55627,18,48,131.04,0,.00,0
2,2/25/2020,24842,Alabama : Huntsville-Distribution,55627,19,16,336.96,0,.00,0
2,2/25/2020,24842,Alabama : Huntsville-Distribution,55627,20,1,8.4,0,.00,0
2,2/25/2020,24842,Alabama : Huntsville-Distribution,55627,21,2,33,0,.00,0
2,2/25/2020,24842,Alabama : Huntsville-Distribution,55627,22,1,46.38,0,.00,0
19,2/14/2020,IF129993,Texas : UL Bedford - Distribution,55628,1,21735,39123,0,.00,0
19,2/14/2020,IF129993,Texas : UL Bedford - Distribution,55628,2,19602,35283.6,0,.00,0
19,2/13/2020,IF129867,Texas : UL Bedford - Distribution,55630,1,400,5876.5176,0,.00,0
19,2/13/2020,IF129867,Texas : UL Bedford - Distribution,55630,2,400,6046.3392,0,.00,0
19,2/13/2020,24674,,55633,1,12,0,0,.00,1
19,2/18/2020,24753,Texas : UL Houston - Distribution,55637,1,2,132,0,.00,0
19,2/18/2020,24750,Texas : UL Houston - Distribution,55637,2,6,2732.4,0,.00,0
19,2/18/2020,24748,Texas : UL Houston - Distribution,55637,3,2,408,0,.00,0
19,2/18/2020,24766,Texas : UL Houston - Distribution,55637,4,1,412.8,0,.00,0
19,2/18/2020,24762,Texas : UL Houston - Distribution,55637,4,1,412.8,0,.00,0
19,2/18/2020,24759,Texas : UL Houston - Distribution,55637,5,20,534.8,0,.00,0
19,2/18/2020,24767,Texas : UL Houston - Distribution,55637,6,4,147,0,.00,0
19,2/18/2020,24745,Texas : UL Houston - Distribution,55637,7,2,214.8,0,.00,0
19,2/18/2020,24761,Texas : UL Houston - Distribution,55637,8,12,1033.2,0,.00,0
19,2/18/2020,24771,Texas : UL Houston - Distribution,55637,9,1,228,0,.00,0
19,2/18/2020,24764,Texas : UL Houston - Distribution,55637,10,2,824.4,0,.00,0
19,2/18/2020,24769,Texas : UL Houston - Distribution,55637,11,5,15.15,0,.00,0
19,2/18/2020,24773,Texas : UL Houston - Distribution,55637,12,1,162,0,.00,0
19,2/18/2020,24763,Texas : UL Houston - Distribution,55637,13,15,26.85,0,.00,0
19,2/18/2020,24770,Texas : UL Houston - Distribution,55637,15,10,274.2,0,.00,0
19,2/18/2020,24768,Texas : UL Houston - Distribution,55637,16,5,430.5,0,.00,0
19,2/18/2020,24752,Texas : UL Houston - Distribution,55637,17,7,2427.6,0,.00,0
19,2/14/2020,24716,Texas : UL Houston - Distribution,55637,18,2,879.6,0,.00,0
19,2/18/2020,24751,Texas : UL Houston - Distribution,55637,19,4,50.4,0,.00,0
19,2/14/2020,24717,Texas : UL Houston - Distribution,55637,20,2,756,0,.00,0
19,2/18/2020,24765,Texas : UL Houston - Distribution,55637,21,40,43.2,0,.00,0
19,2/18/2020,24760,Texas : UL Houston - Distribution,55637,22,40,126,0,.00,0
19,2/18/2020,24777,Texas : UL Houston - Distribution,55637,23,39,106.47,0,.00,0
19,2/18/2020,24778,Texas : UL Houston - Distribution,55637,24,39,40.95,0,.00,0
19,2/18/2020,24775,Texas : UL Houston - Distribution,55637,25,40,88.4,0,.00,0
19,2/14/2020,24713,Texas : UL Houston - Distribution,55637,26,2,211.2,0,.00,0
19,2/18/2020,24772,Texas : UL Houston - Distribution,55637,27,2,30.44,0,.00,0
19,2/18/2020,24747,Texas : UL Houston - Distribution,55637,28,2,90,0,.00,0
19,2/18/2020,24749,Texas : UL Houston - Distribution,55637,29,2,225,0,.00,0
19,2/18/2020,24774,Texas : UL Houston - Distribution,55637,30,2,0,0,.00,1
19,2/14/2020,24714,Texas : UL Houston - Distribution,55637,31,2,291,0,.00,0
19,2/14/2020,24712,Texas : UL Houston - Distribution,55637,32,2,448.8,0,.00,0
19,2/17/2020,IF130006,Texas : UL Bedford - Distribution,55639,1,750,31677.765,0,.00,0
19,2/17/2020,IF130006,Texas : UL Bedford - Distribution,55639,2,750,25227.6,0,.00,0
19,2/13/2020,IF130206,Texas : UL Houston - Distribution,55640,1,6,126.82998,0,.00,0
19,2/13/2020,IF130206,Texas : UL Houston - Distribution,55640,2,.6,133.086,0,.00,0
2,2/14/2020,IF129933,Alabama : Off Site Inventory,55645,1,1,451.76,0,.00,0
19,2/18/2020,IF130120,Texas : UL Bedford - Distribution,55650,1,700,29451.38,0,.00,0
19,2/18/2020,IF130120,Texas : UL Bedford - Distribution,55650,2,900,33312.6,0,.00,0
19,2/14/2020,IF129990,Texas : UL Bedford - Distribution,55651,1,750,30691.65,0,.00,0
19,2/14/2020,IF129990,Texas : UL Bedford - Distribution,55651,2,750,24464.223,0,.00,0
19,2/13/2020,24667,Texas : UL Houston - Distribution,55652,1,14,76.02,14,76.02,0
19,2/13/2020,24669,Texas : UL Houston - Distribution,55652,3,15,101.25,12,81.00,0
19,2/13/2020,24671,Texas : UL Houston - Distribution,55652,6,10,68.1375,12,81.765,0
19,2/13/2020,24672,Texas : UL Houston - Distribution,55652,9,12,188.64,0,.00,0
19,2/13/2020,24673,Texas : UL Houston - Distribution,55652,10,10,586.1,0,.00,0
19,2/13/2020,24668,Texas : UL Houston - Distribution,55652,15,10,35.07,0,.00,0
19,2/14/2020,24711,Texas : UL Houston - Distribution,55652,22,12,83.76,0,.00,0
19,2/19/2020,IF130231,Texas : UL Bedford - Distribution,55661,1,150,2304.03,0,.00,0
19,2/19/2020,IF130231,Texas : UL Bedford - Distribution,55661,2,150,0,0,.00,1
19,2/13/2020,IF129891,Texas : UL Bedford - Distribution,55663,1,866,1098.088,0,.00,0
19,2/13/2020,IF129891,Texas : UL Bedford - Distribution,55663,2,900,850.5,0,.00,0
19,2/17/2020,IF130014,Texas : UL Bedford - Distribution,55665,1,16905,30429,0,.00,0
19,2/17/2020,IF130014,Texas : UL Bedford - Distribution,55665,2,15246,27442.8,0,.00,0
19,2/13/2020,IF130207,California : UL Santa Fe Springs-Distributio,55669,1,473,586.047,0,.00,0
19,2/13/2020,IF130207,California : UL Santa Fe Springs-Distributio,55669,2,430,583.94,0,.00,0
19,2/17/2020,IF130009,California : UL Santa Fe Springs-Distributio,55671,1,500,782.5,0,.00,0
19,2/17/2020,IF130009,California : UL Santa Fe Springs-Distributio,55671,2,450,485.86000000000005,0,.00,0
2,2/14/2020,24725,,55673,1,1,150,0,.00,0
2,2/14/2020,24725,,55673,2,1,100,0,.00,0
19,2/14/2020,IF129989,Texas : UL Bedford - Distribution,55679,1,2415,2719.29,0,.00,0
19,2/14/2020,IF129989,Texas : UL Bedford - Distribution,55679,2,2178,2694.186,0,.00,0
19,2/14/2020,IF129955,Texas : UL OffSite Inventory,55680,1,3,140.4,3,140.40,0
19,2/19/2020,24810,Texas : UL Houston - Distribution,55693,1,5,203.25,0,.00,0
19,2/19/2020,24807,Texas : UL Houston - Distribution,55693,2,2,877.2,0,.00,0
19,2/19/2020,24811,Texas : UL Houston - Distribution,55693,7,2,205.2,0,.00,0
19,2/19/2020,24809,Texas : UL Houston - Distribution,55693,8,2,117.3,0,.00,0
19,2/19/2020,24812,Texas : UL Houston - Distribution,55693,9,2,334.8,0,.00,0
19,2/19/2020,24808,Texas : UL Houston - Distribution,55693,10,2,879.6,0,.00,0
19,2/19/2020,24806,Texas : UL Houston - Distribution,55697,3,3,658.8,0,.00,0
19,2/17/2020,IF130010,Texas : UL Bedford - Distribution,55699,1,3464,4420.064,0,.00,0
19,2/18/2020,IF130105,Texas : UL Bedford - Distribution,55701,1,21735,39123,0,.00,0
19,2/18/2020,IF130105,Texas : UL Bedford - Distribution,55701,2,19602,35283.6,0,.00,0
19,2/19/2020,IF130210,Texas : UL Bedford - Distribution,55702,1,21735,39123,0,.00,0
19,2/19/2020,IF130210,Texas : UL Bedford - Distribution,55702,2,19602,35283.6,0,.00,0
19,2/19/2020,IF130236,California : UL Santa Fe Springs-Distributio,55710,1,473,586.047,0,.00,0
19,2/19/2020,IF130236,California : UL Santa Fe Springs-Distributio,55710,2,430,587.38,0,.00,0
19,2/19/2020,IF130241,California : UL Santa Fe Springs-Distributio,55712,1,473,586.047,0,.00,0
19,2/19/2020,IF130241,California : UL Santa Fe Springs-Distributio,55712,2,430,587.38,0,.00,0
19,2/19/2020,IF130135,Texas : UL Bedford - Distribution,55717,1,2415,2719.29,0,.00,0
19,2/19/2020,IF130135,Texas : UL Bedford - Distribution,55717,2,2178,2711.61,0,.00,0
19,2/19/2020,IF130228,Texas : UL Bedford - Distribution,55723,1,50,1400,0,.00,0
19,2/19/2020,IF130228,Texas : UL Bedford - Distribution,55723,2,50,1400,0,.00,0
19,2/19/2020,IF130228,Texas : UL Bedford - Distribution,55723,3,2,44.4,0,.00,0
